-2,85,0
-1.5,85,0
-1.4,85,0
-1.3,85,0
-1.05,85,0
-1.01,85,0
-1.001,85,0
-1,170,0.01498
-0.467503216,170,0.0507
0.569582431,170,0.273916016
0.751229359,170,0.337478123
0.873788327,170,0.383310544
0.971194405,170,0.420977937
1.054762449,170,0.453892878
1.129807929,170,0.483733073
1.129809367,340,0.872923623
1.138310604,340,0.874685276
1.146748199,340,0.876416811
1.155112051,340,0.878116608
1.16340551,340,0.879785815
1.171645367,340,0.881428218
1.179817307,340,0.883041358
1.187941742,340,0.884629643
1.196008128,340,0.886191353
1.204023823,340,0.887728267
1.211989317,340,0.889240804
1.219913292,340,0.890730915
1.22779293,340,0.892198352
1.235627617,340,0.89364329
1.243431981,340,0.895068679
1.251191826,340,0.896472174
1.258924823,340,0.89785721
1.266625425,340,0.899223
1.274295218,340,0.900570038
1.281933497,340,0.901898415
1.289550846,340,0.903210155
1.297145447,340,0.904505111
1.304716015,340,0.905783232
1.312262044,340,0.907044609
1.319798647,340,0.908291905
1.327313738,340,0.909523252
1.334816732,340,0.910740329
1.342304661,340,0.911942775
1.349781381,340,0.913131329
1.357251063,340,0.914306755
1.364709124,340,0.915468432
1.372165674,340,0.916618024
1.379615481,340,0.9177548
1.38706272,340,0.918879479
1.394504256,340,0.919991666
1.401952534,340,0.921093276
1.409399518,340,0.922183169
1.416856775,340,0.923263078
1.42431038,340,0.924331033
1.431775838,340,0.925389299
1.439251024,340,0.926437588
1.446734874,340,0.927475773
1.454231919,340,0.928504498
1.461746968,340,0.929524419
1.469270065,340,0.930534191
1.476818731,340,0.931536159
1.484382706,340,0.932528939
1.4919632,337.9215405,0.932027431
1.499575887,333.881182,0.930075788
1.507204363,329.9055255,0.928108128
1.51486883,325.9831859,0.926120129
1.52255334,322.121543,0.92411682
1.530277066,318.310231,0.922094102
1.538030894,314.55316,0.920055253
1.545814961,310.8495631,0.918001158
1.553644659,307.1916226,0.915928665
1.561506172,303.5853209,0.913842353
1.569418499,300.0215346,0.91173811
1.577368734,296.5057427,0.909620309
1.585366059,293.0335002,0.90748746
1.593420014,289.6005016,0.905337982
1.601517451,286.2121369,0.903176364
1.609678845,282.8596998,0.900998138
1.617890508,279.5487428,0.898807969
1.626167772,276.2730189,0.896602802
1.634514084,273.0312951,0.894382779
1.642919765,269.8273761,0.89215155
1.651401194,266.6551209,0.889905873
1.659957762,263.5150084,0.887647046
1.668598268,260.4041255,0.885373922
1.677313008,257.3262494,0.883090252
1.686123807,254.2740566,0.880791558
1.695019307,251.2519455,0.878482088
1.704019948,248.2534978,0.876157869
1.713113751,245.2832861,0.873823374
1.72232434,242.3342554,0.871473979
1.731641381,239.4104706,0.869113822
1.741077946,236.5085759,0.866741142
1.750645179,233.6260808,0.86435479
1.760341093,230.7645649,0.861956984
1.770184113,227.9196791,0.859544985
1.780169078,225.0940787,0.857121968
1.790315901,222.2833776,0.85468511
1.800626217,219.4885131,0.852236164
1.811115318,216.7068251,0.849773762
1.82179111,213.9378489,0.847298472
1.832661935,211.1811325,0.844810918
1.843749929,208.432972,0.842308799
1.85506561,205.6928809,0.839792739
1.86662523,202.9591986,0.83726234
1.878437994,200.2321563,0.834719018
1.890536545,197.5068966,0.832159506
1.902927592,194.7848243,0.829586473
1.915645736,192.0615005,0.82699718
1.928704728,189.3374409,0.824393702
1.942148343,186.6073368,0.821772697
1.956000065,183.870674,0.819135579
1.970292928,181.1255158,0.816482625
1.985078879,178.36703,0.813811577
2.000403152,175.5925667,0.811122609
2.016320671,172.7986265,0.808415488
2.032777961,170.0008612,0.805708998
2.03278081,170,0.805708538
2.083503174,170,0.819355684
2.142550583,170,0.834464692
2.214437611,170,0.851721503
2.30897275,170,0.872518996
2.937121969,170,0.961346451
2.94,170,0.96159
2.96,170,0.96241
2.96,170,0.96323
2.96259,170,0.96343
2.9626,85,1
3,85,1
3.5,85,1
